<?xml version="1.0" encoding="utf-8"?>
<prefix name="ocsfundraising" label="Fundraising by Oxwall CS" language_tag="en" language_label="English"><key name="add_goal"><value>Add goal</value></key><key name="amount"><value>Amount</value></key><key name="amount_raised"><value>Amount raised</value></key><key name="contributors"><value>contributors</value></key><key name="current_amount"><value>Current amount</value></key><key name="description"><value>Description</value></key><key name="donate"><value>Donate</value></key><key name="donate_label"><value>Help us raise funds</value></key><key name="end_date"><value>Ending date</value></key><key name="goals"><value>Goals</value></key><key name="goal_added"><value>Goal has been added</value></key><key name="goal_deleted"><value>Goal has been deleted</value></key><key name="goal_not_found"><value>Goal not found</value></key><key name="goal_updated"><value>Goal was updated</value></key><key name="latest_donations"><value>Latest donations</value></key><key name="min_amount"><value>Minimal donation</value></key><key name="name"><value>Goal name</value></key><key name="not_assigned"><value>Goal is not assigned, you need to edit this widget to assign one</value></key><key name="no_goals"><value>You currently have no goals added, add one to start raising funds</value></key><key name="page_heading_admin"><value>Fundraising plugin configuration</value></key><key name="page_heading_donations"><value>Donations statistics</value></key><key name="res_amount_raised_of"><value>Raised &lt;b&gt;{$currency}{$amount}&lt;/b&gt; of &lt;b&gt;{$currency}{$target}&lt;/b&gt;</value></key><key name="show_latest_donations"><value>Show latest donations</value></key><key name="show_top_donations"><value>Show top donations</value></key><key name="status"><value>Status</value></key><key name="status_active"><value>active</value></key><key name="status_complete"><value>complete</value></key><key name="target_amount"><value>Target amount</value></key><key name="top_donations"><value>Top donations</value></key><key name="view_donations"><value>View donations</value></key><key name="view_goals"><value>Back to goals</value></key><key name="widget_goal"><value>Goal</value></key><key name="widget_title"><value>Donation</value></key><key name="your_name"><value>Your name</value></key></prefix>
